subRegion,x,value
TX,2050,0.199632854
TX,2100,0.226204969
AZ,2050,0.25559002
AZ,2100,0.286636629
CA,2050,0.318705112
CA,2100,0.351556344
